NUM_LOOP,FREQ,EVAL_BITS,REP_BITS,BOARD_NUM
0,110274,20,6,0
1,26,20,6,0
2,120999,20,6,0
3,39,20,6,0
4,30,20,6,0
5,1250083,20,6,0
6,31,20,6,0
7,55,20,6,0
8,27,20,6,0
9,39,20,6,0
10,41,20,6,0
11,14,20,6,0
12,32,20,6,0
13,233942,20,6,0
14,16,20,6,0
15,32,20,6,0
16,222,20,6,0
17,12,20,6,0
18,31,20,6,0
19,21,20,6,0
20,14,20,6,0
21,14,20,6,0
22,22,20,6,0
23,16,20,6,0
24,66,20,6,0
25,7837,20,6,0
26,89,20,6,0
27,38,20,6,0
28,42,20,6,0
29,13,20,6,0
30,75,20,6,0
31,16,20,6,0
32,13,20,6,0
33,49908,20,6,0
34,3684859,20,6,0
35,15,20,6,0
36,21,20,6,0
37,1863325,20,6,0
38,131,20,6,0
39,544,20,6,0
40,13,20,6,0
41,25,20,6,0
42,165,20,6,0
43,51,20,6,0
44,39,20,6,0
45,11028,20,6,0
46,125,20,6,0
47,4591,20,6,0
48,549552,20,6,0
49,24,20,6,0
50,20,20,6,0
51,30,20,6,0
52,37,20,6,0
53,20,20,6,0
54,29,20,6,0
55,13,20,6,0
56,284,20,6,0
57,32,20,6,0
58,821130,20,6,0
59,33,20,6,0
60,39,20,6,0
61,11,20,6,0
62,17,20,6,0
63,17,20,6,0
64,28,20,6,0
65,50,20,6,0
66,178,20,6,0
67,12,20,6,0
68,22,20,6,0
69,99707,20,6,0
70,50,20,6,0
71,841233,20,6,0
72,68,20,6,0
73,21,20,6,0
74,83,20,6,0
75,21,20,6,0
76,159,20,6,0
77,6059,20,6,0
78,57,20,6,0
79,28,20,6,0
80,57,20,6,0
81,16,20,6,0
82,19,20,6,0
83,51,20,6,0
84,195,20,6,0
85,77243,20,6,0
86,192,20,6,0
87,16,20,6,0
88,41,20,6,0
89,61,20,6,0
90,168,20,6,0
91,841470,20,6,0
92,175,20,6,0
93,10,20,6,0
94,10,20,6,0
95,55,20,6,0
96,45,20,6,0
97,2330,20,6,0
98,64,20,6,0
99,25,20,6,0
100,28,20,6,0
101,3142841,20,6,0
102,11,20,6,0
103,41946,20,6,0
104,22,20,6,0
105,16,20,6,0
106,169,20,6,0
107,17,20,6,0
108,159,20,6,0
109,13,20,6,0
110,36,20,6,0
111,56,20,6,0
112,32,20,6,0
113,2876605,20,6,0
114,17,20,6,0
115,64327,20,6,0
116,1902959,20,6,0
117,11,20,6,0
118,14,20,6,0
119,22,20,6,0
120,30,20,6,0
121,58,20,6,0
122,24,20,6,0
123,23098,20,6,0
124,14,20,6,0
125,1887996,20,6,0
126,19,20,6,0
127,120,20,6,0
128,60,20,6,0
129,234849,20,6,0
130,69,20,6,0
131,12,20,6,0
132,47,20,6,0
133,3708010,20,6,0
134,15,20,6,0
135,21,20,6,0
136,149,20,6,0
137,16,20,6,0
138,52,20,6,0
139,68,20,6,0
140,97,20,6,0
141,1507128,20,6,0
142,15,20,6,0
143,66,20,6,0
144,18,20,6,0
145,35,20,6,0
146,18,20,6,0
147,33,20,6,0
148,13,20,6,0
149,68,20,6,0
150,28,20,6,0
151,78180,20,6,0
152,42,20,6,0
153,40,20,6,0
154,18,20,6,0
155,4594,20,6,0
156,86,20,6,0
157,67,20,6,0
158,88,20,6,0
159,46,20,6,0
160,136,20,6,0
161,25,20,6,0
162,21,20,6,0
163,109,20,6,0
164,169,20,6,0
165,28,20,6,0
166,30,20,6,0
167,59,20,6,0
168,25856,20,6,0
169,28,20,6,0
170,180,20,6,0
171,28,20,6,0
172,158,20,6,0
173,18,20,6,0
174,883,20,6,0
175,51,20,6,0
176,12,20,6,0
177,40,20,6,0
178,17,20,6,0
179,26,20,6,0
180,42,20,6,0
181,1648764,20,6,0
182,25,20,6,0
183,338,20,6,0
184,39,20,6,0
185,189601,20,6,0
186,17,20,6,0
187,30856,20,6,0
188,84886,20,6,0
189,13,20,6,0
190,34,20,6,0
191,21,20,6,0
192,54,20,6,0
193,24,20,6,0
194,9,20,6,0
195,52,20,6,0
196,22,20,6,0
197,21,20,6,0
198,11406,20,6,0
199,14,20,6,0
200,107,20,6,0
201,67,20,6,0
202,17,20,6,0
203,413,20,6,0
204,57,20,6,0
205,36,20,6,0
206,10773,20,6,0
207,120396,20,6,0
208,15,20,6,0
209,12,20,6,0
210,20,20,6,0
211,943947,20,6,0
212,61,20,6,0
213,25,20,6,0
214,124,20,6,0
215,299,20,6,0
216,49,20,6,0
217,47381,20,6,0
218,2947164,20,6,0
219,177,20,6,0
220,104,20,6,0
221,53,20,6,0
222,93,20,6,0
223,10,20,6,0
224,21,20,6,0
225,4438,20,6,0
226,50,20,6,0
227,33,20,6,0
228,12,20,6,0
229,64,20,6,0
230,281,20,6,0
231,241,20,6,0
232,105,20,6,0
233,19,20,6,0
234,127,20,6,0
235,170,20,6,0
236,133,20,6,0
237,12557,20,6,0
238,196,20,6,0
239,10295,20,6,0
240,54,20,6,0
241,1416924,20,6,0
242,3557538,20,6,0
243,1564,20,6,0
244,90,20,6,0
245,148756,20,6,0
246,179,20,6,0
247,65,20,6,0
248,37926,20,6,0
249,17822,20,6,0
250,19,20,6,0
251,415427,20,6,0
252,1106,20,6,0
253,237560,20,6,0
254,1220280,20,6,0
255,41,20,6,0
256,135,20,6,0
257,24,20,6,0
258,127,20,6,0
259,29,20,6,0
260,204,20,6,0
261,45,20,6,0
262,29,20,6,0
263,13130,20,6,0
264,80,20,6,0
265,2328218,20,6,0
266,120,20,6,0
267,56,20,6,0
268,995,20,6,0
269,27,20,6,0
270,143,20,6,0
271,20,20,6,0
272,27,20,6,0
273,56,20,6,0
274,54,20,6,0
275,22,20,6,0
276,46914,20,6,0
277,2883,20,6,0
278,14,20,6,0
279,34,20,6,0
280,64,20,6,0
281,99434,20,6,0
282,16,20,6,0
283,16,20,6,0
284,34,20,6,0
285,491883,20,6,0
286,20,20,6,0
287,40,20,6,0
288,57,20,6,0
289,12,20,6,0
290,21,20,6,0
291,137712,20,6,0
292,63,20,6,0
293,2582828,20,6,0
294,161,20,6,0
295,142,20,6,0
296,130,20,6,0
297,66,20,6,0
298,159,20,6,0
299,11,20,6,0
300,64,20,6,0
301,17,20,6,0
302,37,20,6,0
303,119826,20,6,0
304,434,20,6,0
305,6980,20,6,0
306,147,20,6,0
307,50,20,6,0
308,97,20,6,0
309,23,20,6,0
310,35,20,6,0
311,56,20,6,0
312,185,20,6,0
313,3296431,20,6,0
314,18010,20,6,0
315,30,20,6,0
316,21,20,6,0
317,3236941,20,6,0
318,18,20,6,0
319,15,20,6,0
320,54,20,6,0
321,21,20,6,0
322,149,20,6,0
323,43,20,6,0
324,30,20,6,0
325,74,20,6,0
326,84,20,6,0
327,35,20,6,0
328,184,20,6,0
329,39,20,6,0
330,114415,20,6,0
331,17,20,6,0
332,30,20,6,0
333,30,20,6,0
334,191,20,6,0
335,24,20,6,0
336,35,20,6,0
337,18,20,6,0
338,15,20,6,0
339,132,20,6,0
340,11,20,6,0
341,3709355,20,6,0
342,133,20,6,0
343,16,20,6,0
344,23,20,6,0
345,15,20,6,0
346,399,20,6,0
347,13,20,6,0
348,25,20,6,0
349,22,20,6,0
350,29,20,6,0
351,60,20,6,0
352,51,20,6,0
353,34,20,6,0
354,3678393,20,6,0
355,27,20,6,0
356,47,20,6,0
357,35,20,6,0
358,53,20,6,0
359,16,20,6,0
360,126,20,6,0
361,37,20,6,0
362,573840,20,6,0
363,52,20,6,0
364,35,20,6,0
365,1197189,20,6,0
366,263,20,6,0
367,13,20,6,0
368,27,20,6,0
369,15,20,6,0
370,21,20,6,0
371,52,20,6,0
372,118,20,6,0
373,147544,20,6,0
374,167,20,6,0
375,12,20,6,0
376,92,20,6,0
377,121106,20,6,0
378,76,20,6,0
379,14,20,6,0
380,23,20,6,0
381,113257,20,6,0
382,21,20,6,0
383,24,20,6,0
384,15,20,6,0
385,460121,20,6,0
386,44,20,6,0
387,116053,20,6,0
388,21,20,6,0
389,347437,20,6,0
390,25,20,6,0
391,115,20,6,0
392,88,20,6,0
393,1630183,20,6,0
394,136,20,6,0
395,64,20,6,0
396,60,20,6,0
397,3722521,20,6,0
398,29,20,6,0
399,2301,20,6,0
400,37,20,6,0
401,31,20,6,0
402,19,20,6,0
403,35,20,6,0
404,138,20,6,0
405,828340,20,6,0
406,40,20,6,0
407,22,20,6,0
408,108,20,6,0
409,49744,20,6,0
410,152,20,6,0
411,44,20,6,0
412,1035544,20,6,0
413,593142,20,6,0
414,19,20,6,0
415,473841,20,6,0
416,35,20,6,0
417,30,20,6,0
418,55,20,6,0
419,182,20,6,0
420,11,20,6,0
421,14,20,6,0
422,190,20,6,0
423,52,20,6,0
424,28,20,6,0
425,207,20,6,0
426,29,20,6,0
427,23,20,6,0
428,19,20,6,0
429,47,20,6,0
430,42,20,6,0
431,27351,20,6,0
432,29,20,6,0
433,184,20,6,0
434,38,20,6,0
435,13,20,6,0
436,26,20,6,0
437,38,20,6,0
438,322,20,6,0
439,13,20,6,0
440,14,20,6,0
441,1867771,20,6,0
442,15630,20,6,0
443,36,20,6,0
444,76,20,6,0
445,2448913,20,6,0
446,105,20,6,0
447,10,20,6,0
448,87,20,6,0
449,48,20,6,0
450,53,20,6,0
451,76,20,6,0
452,45,20,6,0
453,33,20,6,0
454,17,20,6,0
455,57,20,6,0
456,38,20,6,0
457,22,20,6,0
458,64,20,6,0
459,1475,20,6,0
460,110927,20,6,0
461,34,20,6,0
462,34,20,6,0
463,62,20,6,0
464,267,20,6,0
465,45,20,6,0
466,93,20,6,0
467,21,20,6,0
468,30,20,6,0
469,3692316,20,6,0
470,81,20,6,0
471,55,20,6,0
472,69,20,6,0
473,26,20,6,0
474,20,20,6,0
475,36,20,6,0
476,17,20,6,0
477,15,20,6,0
478,34,20,6,0
479,1549884,20,6,0
480,173,20,6,0
481,20,20,6,0
482,6180,20,6,0
483,181,20,6,0
484,200,20,6,0
485,16,20,6,0
486,26,20,6,0
487,13,20,6,0
488,33,20,6,0
489,27,20,6,0
490,188,20,6,0
491,50,20,6,0
492,98,20,6,0
493,22,20,6,0
494,49,20,6,0
495,16,20,6,0
496,146,20,6,0
497,54,20,6,0
498,3615400,20,6,0
499,20,20,6,0
500,35,20,6,0
501,23,20,6,0
502,77,20,6,0
503,47328,20,6,0
504,118,20,6,0
505,748,20,6,0
506,23,20,6,0
507,45,20,6,0
508,47,20,6,0
509,13,20,6,0
510,108,20,6,0
511,22,20,6,0
512,15,20,6,0
513,38,20,6,0
514,487460,20,6,0
515,10,20,6,0
516,59,20,6,0
517,694781,20,6,0
518,178,20,6,0
519,12,20,6,0
520,21,20,6,0
521,23,20,6,0
522,46,20,6,0
523,10,20,6,0
524,48,20,6,0
525,21,20,6,0
526,47,20,6,0
527,21,20,6,0
528,22,20,6,0
529,2596842,20,6,0
530,20,20,6,0
531,162040,20,6,0
532,121,20,6,0
533,2737698,20,6,0
534,158,20,6,0
535,41,20,6,0
536,15,20,6,0
537,16,20,6,0
538,11,20,6,0
539,24,20,6,0
540,330819,20,6,0
541,30,20,6,0
542,20,20,6,0
543,55,20,6,0
544,191,20,6,0
545,51,20,6,0
546,33,20,6,0
547,72,20,6,0
548,3812,20,6,0
549,88,20,6,0
550,103,20,6,0
551,299704,20,6,0
552,13,20,6,0
553,86,20,6,0
554,20,20,6,0
555,353,20,6,0
556,21,20,6,0
557,22,20,6,0
558,40,20,6,0
559,103,20,6,0
560,185,20,6,0
561,45,20,6,0
562,23,20,6,0
563,97,20,6,0
564,189,20,6,0
565,4299,20,6,0
566,226449,20,6,0
567,343122,20,6,0
568,115,20,6,0
569,50,20,6,0
570,44,20,6,0
571,34,20,6,0
572,160,20,6,0
573,53,20,6,0
574,158,20,6,0
575,22,20,6,0
576,32,20,6,0
577,36,20,6,0
578,31,20,6,0
579,15,20,6,0
580,91,20,6,0
581,10,20,6,0
582,20,20,6,0
583,146,20,6,0
584,174,20,6,0
585,24,20,6,0
586,47,20,6,0
587,18,20,6,0
588,43,20,6,0
589,1576259,20,6,0
590,92,20,6,0
591,42,20,6,0
592,55,20,6,0
593,271975,20,6,0
594,114,20,6,0
595,53,20,6,0
596,123,20,6,0
597,2122414,20,6,0
598,154,20,6,0
599,14,20,6,0
600,27,20,6,0
601,28,20,6,0
602,25,20,6,0
603,137799,20,6,0
604,2845,20,6,0
605,44,20,6,0
606,140,20,6,0
607,75,20,6,0
608,132,20,6,0
609,2667279,20,6,0
610,11,20,6,0
611,68,20,6,0
612,154,20,6,0
613,37972,20,6,0
614,9,20,6,0
615,1301438,20,6,0
616,24,20,6,0
617,40,20,6,0
618,12,20,6,0
619,3046022,20,6,0
620,19,20,6,0
621,22,20,6,0
622,198,20,6,0
623,24,20,6,0
624,153,20,6,0
625,29,20,6,0
626,30,20,6,0
627,21,20,6,0
628,20,20,6,0
629,123699,20,6,0
630,39,20,6,0
631,69,20,6,0
632,30,20,6,0
633,16,20,6,0
634,71,20,6,0
635,34,20,6,0
636,12,20,6,0
637,574,20,6,0
638,63,20,6,0
639,28,20,6,0
640,204,20,6,0
641,2784,20,6,0
642,52,20,6,0
643,59,20,6,0
644,82,20,6,0
645,66,20,6,0
646,1945314,20,6,0
647,45,20,6,0
648,15,20,6,0
649,479,20,6,0
650,128,20,6,0
651,19,20,6,0
652,100,20,6,0
653,17914,20,6,0
654,23,20,6,0
655,33,20,6,0
656,59,20,6,0
657,717,20,6,0
658,39,20,6,0
659,15448,20,6,0
660,25,20,6,0
661,11520,20,6,0
662,150,20,6,0
663,1031,20,6,0
664,35,20,6,0
665,554,20,6,0
666,129,20,6,0
667,19,20,6,0
668,31,20,6,0
669,52,20,6,0
670,16,20,6,0
671,40,20,6,0
672,35,20,6,0
673,56,20,6,0
674,29,20,6,0
675,2066189,20,6,0
676,52,20,6,0
677,217,20,6,0
678,40,20,6,0
679,34,20,6,0
680,99,20,6,0
681,150587,20,6,0
682,215,20,6,0
683,30,20,6,0
684,29,20,6,0
685,40,20,6,0
686,17,20,6,0
687,21,20,6,0
688,51,20,6,0
689,391530,20,6,0
690,129,20,6,0
691,143,20,6,0
692,20,20,6,0
693,28,20,6,0
694,104,20,6,0
695,28,20,6,0
696,34,20,6,0
697,18,20,6,0
698,588,20,6,0
699,27,20,6,0
700,258,20,6,0
701,634265,20,6,0
702,113,20,6,0
703,43,20,6,0
704,17,20,6,0
705,44,20,6,0
706,45,20,6,0
707,75,20,6,0
708,823,20,6,0
709,54,20,6,0
710,42,20,6,0
711,1099729,20,6,0
712,51,20,6,0
713,24,20,6,0
714,16,20,6,0
715,40,20,6,0
716,23,20,6,0
717,139,20,6,0
718,2247,20,6,0
719,64,20,6,0
720,13,20,6,0
721,337,20,6,0
722,28,20,6,0
723,93,20,6,0
724,59,20,6,0
725,961949,20,6,0
726,65,20,6,0
727,40,20,6,0
728,40,20,6,0
729,49,20,6,0
730,27,20,6,0
731,15,20,6,0
732,11,20,6,0
733,616277,20,6,0
734,18,20,6,0
735,232275,20,6,0
736,156,20,6,0
737,17,20,6,0
738,53,20,6,0
739,68,20,6,0
740,129,20,6,0
741,39,20,6,0
742,20,20,6,0
743,28,20,6,0
744,18,20,6,0
745,16,20,6,0
746,65,20,6,0
747,124,20,6,0
748,1102620,20,6,0
749,56,20,6,0
750,22,20,6,0
751,18,20,6,0
752,19,20,6,0
753,44,20,6,0
754,52,20,6,0
755,23,20,6,0
756,30,20,6,0
757,41,20,6,0
758,276,20,6,0
759,38,20,6,0
760,39,20,6,0
761,160781,20,6,0
762,113,20,6,0
763,50,20,6,0
764,220001,20,6,0
765,25,20,6,0
766,46,20,6,0
767,1308323,20,6,0
768,211,20,6,0
769,42,20,6,0
770,24,20,6,0
771,279,20,6,0
772,256,20,6,0
773,945039,20,6,0
774,154,20,6,0
775,46,20,6,0
776,167758,20,6,0
777,16625,20,6,0
778,29,20,6,0
779,180,20,6,0
780,8793,20,6,0
781,3686117,20,6,0
782,111,20,6,0
783,33,20,6,0
784,25,20,6,0
785,3633859,20,6,0
786,41,20,6,0
787,24,20,6,0
788,114,20,6,0
789,2626026,20,6,0
790,260,20,6,0
791,22,20,6,0
792,53,20,6,0
793,21,20,6,0
794,1711933,20,6,0
795,15,20,6,0
796,36,20,6,0
797,20,20,6,0
798,224940,20,6,0
799,33,20,6,0
800,23,20,6,0
801,12,20,6,0
802,28,20,6,0
803,179,20,6,0
804,30,20,6,0
805,49,20,6,0
806,89,20,6,0
807,115,20,6,0
808,185,20,6,0
809,1287,20,6,0
810,67,20,6,0
811,103,20,6,0
812,138,20,6,0
813,664576,20,6,0
814,29,20,6,0
815,29,20,6,0
816,18,20,6,0
817,296475,20,6,0
818,16,20,6,0
819,303,20,6,0
820,16,20,6,0
821,27,20,6,0
822,28,20,6,0
823,46,20,6,0
824,147,20,6,0
825,3564486,20,6,0
826,138,20,6,0
827,102067,20,6,0
828,16,20,6,0
829,159,20,6,0
830,26,20,6,0
831,45,20,6,0
832,62,20,6,0
833,49,20,6,0
834,58,20,6,0
835,91405,20,6,0
836,251,20,6,0
837,46,20,6,0
838,11,20,6,0
839,27,20,6,0
840,26,20,6,0
841,380,20,6,0
842,4485,20,6,0
843,820849,20,6,0
844,64,20,6,0
845,6811,20,6,0
846,3640282,20,6,0
847,41,20,6,0
848,171,20,6,0
849,17,20,6,0
850,47,20,6,0
851,61,20,6,0
852,92,20,6,0
853,1231,20,6,0
854,285,20,6,0
855,40,20,6,0
856,14,20,6,0
857,62,20,6,0
858,27,20,6,0
859,28,20,6,0
860,32,20,6,0
861,14,20,6,0
862,39,20,6,0
863,197,20,6,0
864,30,20,6,0
865,18,20,6,0
866,15,20,6,0
867,52,20,6,0
868,19,20,6,0
869,3701479,20,6,0
870,89,20,6,0
871,24,20,6,0
872,38,20,6,0
873,46,20,6,0
874,18,20,6,0
875,23,20,6,0
876,33,20,6,0
877,89405,20,6,0
878,35,20,6,0
879,27934,20,6,0
880,33,20,6,0
881,27,20,6,0
882,24,20,6,0
883,42,20,6,0
884,19,20,6,0
885,3647205,20,6,0
886,168,20,6,0
887,21,20,6,0
888,159,20,6,0
889,87,20,6,0
890,31,20,6,0
891,987,20,6,0
892,28,20,6,0
893,49,20,6,0
894,103,20,6,0
895,240080,20,6,0
896,82,20,6,0
897,19,20,6,0
898,172,20,6,0
899,76,20,6,0
900,36,20,6,0
901,1616497,20,6,0
902,39,20,6,0
903,1667100,20,6,0
904,51,20,6,0
905,113,20,6,0
906,36,20,6,0
907,34626,20,6,0
908,56,20,6,0
909,19,20,6,0
910,21,20,6,0
911,104,20,6,0
912,58,20,6,0
913,1165,20,6,0
914,32,20,6,0
915,15149,20,6,0
916,3555450,20,6,0
917,23,20,6,0
918,58,20,6,0
919,514,20,6,0
920,114,20,6,0
921,24,20,6,0
922,18,20,6,0
923,108,20,6,0
924,53,20,6,0
925,9,20,6,0
926,95,20,6,0
927,24,20,6,0
928,22,20,6,0
929,32,20,6,0
930,28,20,6,0
931,32,20,6,0
932,165,20,6,0
933,18,20,6,0
934,2992,20,6,0
935,64530,20,6,0
936,1114,20,6,0
937,1091848,20,6,0
938,11,20,6,0
939,58,20,6,0
940,100,20,6,0
941,69,20,6,0
942,14,20,6,0
943,90,20,6,0
944,17,20,6,0
945,1252093,20,6,0
946,32,20,6,0
947,9,20,6,0
948,33,20,6,0
949,13,20,6,0
950,185,20,6,0
951,68,20,6,0
952,26,20,6,0
953,111366,20,6,0
954,112,20,6,0
955,21,20,6,0
956,53,20,6,0
957,12,20,6,0
958,33,20,6,0
959,199,20,6,0
960,98,20,6,0
961,24,20,6,0
962,49,20,6,0
963,15,20,6,0
964,31,20,6,0
965,132,20,6,0
966,28,20,6,0
967,72,20,6,0
968,13,20,6,0
969,27,20,6,0
970,50,20,6,0
971,12,20,6,0
972,31,20,6,0
973,27,20,6,0
974,91,20,6,0
975,65,20,6,0
976,37,20,6,0
977,32,20,6,0
978,14,20,6,0
979,19,20,6,0
980,35,20,6,0
981,2004182,20,6,0
982,48,20,6,0
983,1108,20,6,0
984,123,20,6,0
985,16,20,6,0
986,3278,20,6,0
987,42,20,6,0
988,16,20,6,0
989,61,20,6,0
990,27,20,6,0
991,75,20,6,0
992,9,20,6,0
993,2959899,20,6,0
994,21,20,6,0
995,37,20,6,0
996,49,20,6,0
997,22,20,6,0
998,21,20,6,0
999,146,20,6,0
1000,175,20,6,0
1001,1681771,20,6,0
1002,14,20,6,0
1003,1170900,20,6,0
1004,206,20,6,0
1005,14,20,6,0
1006,61,20,6,0
1007,26,20,6,0
1008,17,20,6,0
1009,49,20,6,0
1010,186,20,6,0
1011,16,20,6,0
1012,167,20,6,0
1013,749499,20,6,0
1014,111,20,6,0
1015,1053,20,6,0
1016,47,20,6,0
1017,196816,20,6,0
1018,112589,20,6,0
1019,23,20,6,0
1020,120,20,6,0
1021,173,20,6,0
1022,24,20,6,0
1023,397,20,6,0
1024,36,20,6,0
1025,1570072,20,6,0
1026,38,20,6,0
1027,52,20,6,0
1028,17,20,6,0
1029,1507054,20,6,0
1030,53,20,6,0
1031,48,20,6,0
1032,39,20,6,0
1033,28,20,6,0
1034,18,20,6,0
1035,1323900,20,6,0
1036,365319,20,6,0
1037,81032,20,6,0
1038,186,20,6,0
1039,374,20,6,0
1040,16,20,6,0
1041,45,20,6,0
1042,15,20,6,0
1043,70,20,6,0
1044,19,20,6,0
1045,267716,20,6,0
1046,11,20,6,0
1047,116780,20,6,0
1048,17,20,6,0
1049,1911804,20,6,0
1050,164081,20,6,0
1051,295,20,6,0
1052,142,20,6,0
1053,333,20,6,0
1054,157,20,6,0
1055,110,20,6,0
1056,22,20,6,0
1057,42,20,6,0
1058,24,20,6,0
1059,40,20,6,0
1060,37,20,6,0
1061,5061,20,6,0
1062,37,20,6,0
1063,236445,20,6,0
1064,14,20,6,0
1065,48,20,6,0
1066,12676,20,6,0
1067,153,20,6,0
1068,33,20,6,0
1069,107411,20,6,0
1070,39,20,6,0
1071,297,20,6,0
1072,87,20,6,0
1073,36,20,6,0
1074,14,20,6,0
1075,47,20,6,0
1076,674679,20,6,0
1077,13,20,6,0
1078,37,20,6,0
1079,30,20,6,0
1080,368679,20,6,0
1081,14,20,6,0
1082,39,20,6,0
1083,13,20,6,0
1084,16,20,6,0
1085,3333721,20,6,0
1086,918287,20,6,0
1087,14,20,6,0
1088,65,20,6,0
1089,22,20,6,0
1090,10,20,6,0
1091,55,20,6,0
1092,28,20,6,0
1093,176953,20,6,0
1094,16,20,6,0
1095,17,20,6,0
1096,23,20,6,0
1097,29,20,6,0
1098,35,20,6,0
1099,374,20,6,0
1100,26,20,6,0
1101,318535,20,6,0
1102,150,20,6,0
1103,201,20,6,0
1104,25,20,6,0
1105,22,20,6,0
1106,42,20,6,0
1107,13,20,6,0
1108,18,20,6,0
1109,21,20,6,0
1110,15,20,6,0
1111,166,20,6,0
1112,38,20,6,0
1113,380691,20,6,0
1114,34,20,6,0
1115,18,20,6,0
1116,189,20,6,0
1117,184,20,6,0
1118,68,20,6,0
1119,26,20,6,0
1120,38,20,6,0
1121,22,20,6,0
1122,22,20,6,0
1123,41,20,6,0
1124,27,20,6,0
1125,95,20,6,0
1126,32,20,6,0
1127,10,20,6,0
1128,117,20,6,0
1129,2166457,20,6,0
1130,122,20,6,0
1131,43,20,6,0
1132,31,20,6,0
1133,28,20,6,0
1134,66,20,6,0
1135,17,20,6,0
1136,22,20,6,0
1137,29,20,6,0
1138,12,20,6,0
1139,26,20,6,0
1140,167,20,6,0
1141,17,20,6,0
1142,785030,20,6,0
1143,45,20,6,0
1144,60,20,6,0
1145,38,20,6,0
1146,164,20,6,0
1147,16,20,6,0
1148,12,20,6,0
1149,7,20,6,0
1150,16,20,6,0
1151,21,20,6,0
1152,18,20,6,0
1153,486919,20,6,0
1154,36,20,6,0
1155,166,20,6,0
1156,84,20,6,0
1157,19,20,6,0
1158,98,20,6,0
1159,46,20,6,0
1160,14,20,6,0
1161,3170554,20,6,0
1162,18,20,6,0
1163,30,20,6,0
1164,14,20,6,0
1165,23,20,6,0
1166,168,20,6,0
1167,37,20,6,0
1168,167,20,6,0
1169,1437,20,6,0
1170,139,20,6,0
1171,89,20,6,0
1172,17,20,6,0
1173,44,20,6,0
1174,43,20,6,0
1175,27,20,6,0
1176,245,20,6,0
1177,16,20,6,0
1178,17,20,6,0
1179,38,20,6,0
1180,126,20,6,0
1181,10,20,6,0
1182,86,20,6,0
1183,22,20,6,0
1184,37,20,6,0
1185,183249,20,6,0
1186,3598305,20,6,0
1187,159,20,6,0
1188,14,20,6,0
1189,16,20,6,0
1190,19,20,6,0
1191,604092,20,6,0
1192,22,20,6,0
1193,56,20,6,0
1194,121,20,6,0
1195,24,20,6,0
1196,26,20,6,0
1197,14910,20,6,0
1198,114587,20,6,0
1199,233901,20,6,0
1200,18,20,6,0
1201,41,20,6,0
1202,57,20,6,0
1203,694,20,6,0
1204,38,20,6,0
1205,30,20,6,0
1206,612,20,6,0
1207,16,20,6,0
1208,11,20,6,0
1209,50,20,6,0
1210,13,20,6,0
1211,473,20,6,0
1212,40265,20,6,0
1213,9341,20,6,0
1214,25,20,6,0
1215,14,20,6,0
1216,115,20,6,0
1217,53,20,6,0
1218,166,20,6,0
1219,40,20,6,0
1220,51,20,6,0
1221,235596,20,6,0
1222,120,20,6,0
1223,15,20,6,0
1224,124,20,6,0
1225,3642658,20,6,0
1226,25,20,6,0
1227,12,20,6,0
1228,29,20,6,0
1229,11,20,6,0
1230,29,20,6,0
1231,15762,20,6,0
1232,51,20,6,0
1233,166,20,6,0
1234,14,20,6,0
1235,106,20,6,0
1236,208,20,6,0
1237,35,20,6,0
1238,34,20,6,0
1239,26,20,6,0
1240,134,20,6,0
1241,1434006,20,6,0
1242,99,20,6,0
1243,15,20,6,0
1244,63,20,6,0
1245,25,20,6,0
1246,24,20,6,0
1247,38,20,6,0
1248,25,20,6,0
1249,16633,20,6,0
1250,19,20,6,0
1251,24,20,6,0
1252,200,20,6,0
1253,20,20,6,0
1254,14,20,6,0
1255,18,20,6,0
1256,36,20,6,0
1257,3742,20,6,0
1258,21,20,6,0
1259,857,20,6,0
1260,3135322,20,6,0
1261,1251875,20,6,0
1262,32,20,6,0
1263,321,20,6,0
1264,41,20,6,0
1265,27,20,6,0
1266,34,20,6,0
1267,39,20,6,0
1268,14,20,6,0
1269,115756,20,6,0
1270,122,20,6,0
1271,22,20,6,0
1272,53,20,6,0
1273,58,20,6,0
1274,57,20,6,0
1275,130,20,6,0
1276,107,20,6,0
1277,15,20,6,0
1278,43,20,6,0
1279,24,20,6,0
0,89,6,13,1
1,146,6,13,1
2,15,6,13,1
3,25,6,13,1
4,28,6,13,1
5,28,6,13,1
6,26,6,13,1
7,17,6,13,1
8,30,6,13,1
9,21,6,13,1
10,83,6,13,1
11,50,6,13,1
12,27,6,13,1
13,25,6,13,1
14,51,6,13,1
15,32,6,13,1
16,24,6,13,1
17,36,6,13,1
18,49,6,13,1
19,83,6,13,1
20,58,6,13,1
21,100,6,13,1
22,19,6,13,1
23,69,6,13,1
24,20,6,13,1
25,280,6,13,1
26,18,6,13,1
27,127,6,13,1
28,20,6,13,1
29,40,6,13,1
30,22,6,13,1
31,14,6,13,1
32,31,6,13,1
33,31,6,13,1
34,17,6,13,1
35,39,6,13,1
36,27,6,13,1
37,61,6,13,1
38,36,6,13,1
39,52,6,13,1
40,29,6,13,1
41,63,6,13,1
42,50,6,13,1
43,62,6,13,1
44,21,6,13,1
45,214,6,13,1
46,56,6,13,1
47,11,6,13,1
48,47,6,13,1
49,19,6,13,1
50,38,6,13,1
51,26,6,13,1
52,24,6,13,1
53,34,6,13,1
54,30,6,13,1
55,20,6,13,1
56,18,6,13,1
57,14,6,13,1
58,24,6,13,1
59,59,6,13,1
60,18,6,13,1
61,40,6,13,1
62,21,6,13,1
63,23,6,13,1
64,17,6,13,1
65,28,6,13,1
66,13,6,13,1
67,32,6,13,1
68,27,6,13,1
69,116,6,13,1
70,22,6,13,1
71,38,6,13,1
72,26,6,13,1
73,49,6,13,1
74,20,6,13,1
75,28,6,13,1
76,56,6,13,1
77,34,6,13,1
78,92,6,13,1
79,34,6,13,1
80,28,6,13,1
81,18,6,13,1
82,21,6,13,1
83,99,6,13,1
84,58,6,13,1
85,26,6,13,1
86,22,6,13,1
87,124,6,13,1
88,25,6,13,1
89,29,6,13,1
90,113,6,13,1
91,49,6,13,1
92,19,6,13,1
93,13,6,13,1
94,109,6,13,1
95,40,6,13,1
96,34,6,13,1
97,54,6,13,1
98,20,6,13,1
99,20,6,13,1
100,36,6,13,1
101,82,6,13,1
102,53,6,13,1
103,37,6,13,1
104,22,6,13,1
105,59,6,13,1
106,32,6,13,1
107,205,6,13,1
108,37,6,13,1
109,44,6,13,1
110,22,6,13,1
111,43,6,13,1
112,20,6,13,1
113,283,6,13,1
114,29,6,13,1
115,214,6,13,1
116,113,6,13,1
117,33,6,13,1
118,83,6,13,1
119,31,6,13,1
120,43,6,13,1
121,284,6,13,1
122,81,6,13,1
123,39,6,13,1
124,31,6,13,1
125,37,6,13,1
126,21,6,13,1
127,82,6,13,1
128,72,6,13,1
129,14,6,13,1
130,74,6,13,1
131,63,6,13,1
132,65,6,13,1
133,25,6,13,1
134,21,6,13,1
135,14,6,13,1
136,37,6,13,1
137,58,6,13,1
138,17,6,13,1
139,150,6,13,1
140,69,6,13,1
141,22,6,13,1
142,20,6,13,1
143,47,6,13,1
144,20,6,13,1
145,31,6,13,1
146,45,6,13,1
147,18,6,13,1
148,21,6,13,1
149,285,6,13,1
150,78,6,13,1
151,37,6,13,1
152,63,6,13,1
153,286,6,13,1
154,17,6,13,1
155,23,6,13,1
156,15,6,13,1
157,28,6,13,1
158,65,6,13,1
159,53,6,13,1
160,34,6,13,1
161,35,6,13,1
162,47,6,13,1
163,103,6,13,1
164,40,6,13,1
165,65,6,13,1
166,14,6,13,1
167,19,6,13,1
168,67,6,13,1
169,5,6,13,1
170,16,6,13,1
171,24,6,13,1
172,26,6,13,1
173,18,6,13,1
174,73,6,13,1
175,281,6,13,1
176,70,6,13,1
177,32,6,13,1
178,52,6,13,1
179,19,6,13,1
180,16,6,13,1
181,20,6,13,1
182,21,6,13,1
183,134,6,13,1
184,11,6,13,1
185,29,6,13,1
186,25,6,13,1
187,23,6,13,1
188,84,6,13,1
189,47,6,13,1
190,55,6,13,1
191,16,6,13,1
192,26,6,13,1
193,37,6,13,1
194,46,6,13,1
195,27,6,13,1
196,36,6,13,1
197,27,6,13,1
198,79,6,13,1
199,41,6,13,1
200,111,6,13,1
201,281,6,13,1
202,45,6,13,1
203,17,6,13,1
204,22,6,13,1
205,40,6,13,1
206,64,6,13,1
207,43,6,13,1
208,26,6,13,1
209,64,6,13,1
210,22,6,13,1
211,33,6,13,1
212,87,6,13,1
213,34,6,13,1
214,24,6,13,1
215,17,6,13,1
216,15,6,13,1
217,20,6,13,1
218,28,6,13,1
219,67,6,13,1
220,15,6,13,1
221,28,6,13,1
222,36,6,13,1
223,168,6,13,1
224,13,6,13,1
225,41,6,13,1
226,25,6,13,1
227,71,6,13,1
228,24,6,13,1
229,84,6,13,1
230,37,6,13,1
231,141,6,13,1
232,97,6,13,1
233,47,6,13,1
234,94,6,13,1
235,50,6,13,1
236,80,6,13,1
237,33,6,13,1
238,19,6,13,1
239,27,6,13,1
240,19,6,13,1
241,280,6,13,1
242,32,6,13,1
243,15,6,13,1
244,141,6,13,1
245,20,6,13,1
246,19,6,13,1
247,61,6,13,1
248,28,6,13,1
249,90,6,13,1
250,31,6,13,1
251,10,6,13,1
252,21,6,13,1
253,24,6,13,1
254,110,6,13,1
255,38,6,13,1
256,34,6,13,1
257,32,6,13,1
258,20,6,13,1
259,47,6,13,1
260,45,6,13,1
261,29,6,13,1
262,82,6,13,1
263,117,6,13,1
264,33,6,13,1
265,21,6,13,1
266,21,6,13,1
267,57,6,13,1
268,51,6,13,1
269,18,6,13,1
270,61,6,13,1
271,41,6,13,1
272,62,6,13,1
273,280,6,13,1
274,40,6,13,1
275,22,6,13,1
276,23,6,13,1
277,77,6,13,1
278,13,6,13,1
279,38,6,13,1
280,29,6,13,1
281,30,6,13,1
282,109,6,13,1
283,49,6,13,1
284,18,6,13,1
285,26,6,13,1
286,37,6,13,1
287,168,6,13,1
288,26,6,13,1
289,33,6,13,1
290,21,6,13,1
291,30,6,13,1
292,30,6,13,1
293,75,6,13,1
294,25,6,13,1
295,47,6,13,1
296,19,6,13,1
297,12,6,13,1
298,129,6,13,1
299,17,6,13,1
300,15,6,13,1
301,287,6,13,1
302,19,6,13,1
303,136,6,13,1
304,147,6,13,1
305,36,6,13,1
306,24,6,13,1
307,29,6,13,1
308,33,6,13,1
309,64,6,13,1
310,29,6,13,1
311,84,6,13,1
312,82,6,13,1
313,280,6,13,1
314,15,6,13,1
315,21,6,13,1
316,97,6,13,1
317,44,6,13,1
318,56,6,13,1
319,26,6,13,1
320,13,6,13,1
321,149,6,13,1
322,34,6,13,1
323,163,6,13,1
324,24,6,13,1
325,15,6,13,1
326,55,6,13,1
327,18,6,13,1
328,34,6,13,1
329,42,6,13,1
330,10,6,13,1
331,38,6,13,1
332,86,6,13,1
333,80,6,13,1
334,13,6,13,1
335,83,6,13,1
336,27,6,13,1
337,282,6,13,1
338,76,6,13,1
339,14,6,13,1
340,49,6,13,1
341,15,6,13,1
342,22,6,13,1
343,28,6,13,1
344,147,6,13,1
345,15,6,13,1
346,37,6,13,1
347,19,6,13,1
348,34,6,13,1
349,102,6,13,1
350,21,6,13,1
351,46,6,13,1
352,31,6,13,1
353,44,6,13,1
354,60,6,13,1
355,25,6,13,1
356,27,6,13,1
357,45,6,13,1
358,100,6,13,1
359,43,6,13,1
360,159,6,13,1
361,30,6,13,1
362,57,6,13,1
363,42,6,13,1
364,21,6,13,1
365,93,6,13,1
366,30,6,13,1
367,23,6,13,1
368,107,6,13,1
369,12,6,13,1
370,11,6,13,1
371,24,6,13,1
372,38,6,13,1
373,47,6,13,1
374,10,6,13,1
375,91,6,13,1
376,73,6,13,1
377,21,6,13,1
378,13,6,13,1
379,15,6,13,1
380,26,6,13,1
381,37,6,13,1
382,21,6,13,1
383,128,6,13,1
384,39,6,13,1
385,17,6,13,1
386,40,6,13,1
387,44,6,13,1
388,42,6,13,1
389,37,6,13,1
390,31,6,13,1
391,29,6,13,1
392,14,6,13,1
393,44,6,13,1
394,46,6,13,1
395,137,6,13,1
396,18,6,13,1
397,237,6,13,1
398,78,6,13,1
399,14,6,13,1
400,51,6,13,1
401,281,6,13,1
402,27,6,13,1
403,43,6,13,1
404,57,6,13,1
405,64,6,13,1
406,23,6,13,1
407,14,6,13,1
408,46,6,13,1
409,92,6,13,1
410,41,6,13,1
411,14,6,13,1
412,22,6,13,1
413,43,6,13,1
414,25,6,13,1
415,42,6,13,1
416,16,6,13,1
417,17,6,13,1
418,24,6,13,1
419,79,6,13,1
420,66,6,13,1
421,25,6,13,1
422,112,6,13,1
423,17,6,13,1
424,12,6,13,1
425,20,6,13,1
426,28,6,13,1
427,19,6,13,1
428,24,6,13,1
429,33,6,13,1
430,30,6,13,1
431,66,6,13,1
432,17,6,13,1
433,280,6,13,1
434,19,6,13,1
435,52,6,13,1
436,44,6,13,1
437,38,6,13,1
438,41,6,13,1
439,20,6,13,1
440,17,6,13,1
441,24,6,13,1
442,29,6,13,1
443,66,6,13,1
444,29,6,13,1
445,15,6,13,1
446,24,6,13,1
447,43,6,13,1
448,14,6,13,1
449,20,6,13,1
450,32,6,13,1
451,37,6,13,1
452,28,6,13,1
453,123,6,13,1
454,27,6,13,1
455,39,6,13,1
456,18,6,13,1
457,279,6,13,1
458,25,6,13,1
459,29,6,13,1
460,17,6,13,1
461,54,6,13,1
462,24,6,13,1
463,20,6,13,1
464,43,6,13,1
465,36,6,13,1
466,19,6,13,1
467,31,6,13,1
468,33,6,13,1
469,49,6,13,1
470,47,6,13,1
471,43,6,13,1
472,20,6,13,1
473,29,6,13,1
474,18,6,13,1
475,15,6,13,1
476,50,6,13,1
477,84,6,13,1
478,25,6,13,1
479,18,6,13,1
480,44,6,13,1
481,19,6,13,1
482,84,6,13,1
483,42,6,13,1
484,31,6,13,1
485,54,6,13,1
486,25,6,13,1
487,174,6,13,1
488,22,6,13,1
489,18,6,13,1
490,22,6,13,1
491,25,6,13,1
492,46,6,13,1
493,107,6,13,1
494,29,6,13,1
495,24,6,13,1
496,19,6,13,1
497,16,6,13,1
498,43,6,13,1
499,89,6,13,1
500,99,6,13,1
501,17,6,13,1
502,24,6,13,1
503,36,6,13,1
504,21,6,13,1
505,185,6,13,1
506,106,6,13,1
507,56,6,13,1
508,112,6,13,1
509,119,6,13,1
510,90,6,13,1
511,17,6,13,1
512,20,6,13,1
513,74,6,13,1
514,20,6,13,1
515,23,6,13,1
516,40,6,13,1
517,29,6,13,1
518,35,6,13,1
519,21,6,13,1
520,44,6,13,1
521,24,6,13,1
522,19,6,13,1
523,59,6,13,1
524,13,6,13,1
525,265,6,13,1
526,11,6,13,1
527,38,6,13,1
528,56,6,13,1
529,281,6,13,1
530,125,6,13,1
531,68,6,13,1
532,44,6,13,1
533,192,6,13,1
534,31,6,13,1
535,67,6,13,1
536,70,6,13,1
537,36,6,13,1
538,132,6,13,1
539,43,6,13,1
540,71,6,13,1
541,58,6,13,1
542,30,6,13,1
543,21,6,13,1
544,25,6,13,1
545,10,6,13,1
546,28,6,13,1
547,36,6,13,1
548,17,6,13,1
549,27,6,13,1
550,88,6,13,1
551,17,6,13,1
552,22,6,13,1
553,38,6,13,1
554,75,6,13,1
555,20,6,13,1
556,48,6,13,1
557,21,6,13,1
558,18,6,13,1
559,31,6,13,1
560,26,6,13,1
561,149,6,13,1
562,19,6,13,1
563,47,6,13,1
564,125,6,13,1
565,59,6,13,1
566,45,6,13,1
567,17,6,13,1
568,41,6,13,1
569,14,6,13,1
570,24,6,13,1
571,45,6,13,1
572,112,6,13,1
573,16,6,13,1
574,23,6,13,1
575,76,6,13,1
576,74,6,13,1
577,40,6,13,1
578,38,6,13,1
579,34,6,13,1
580,18,6,13,1
581,42,6,13,1
582,25,6,13,1
583,21,6,13,1
584,14,6,13,1
585,17,6,13,1
586,18,6,13,1
587,56,6,13,1
588,64,6,13,1
589,19,6,13,1
590,18,6,13,1
591,15,6,13,1
592,60,6,13,1
593,54,6,13,1
594,18,6,13,1
595,64,6,13,1
596,14,6,13,1
597,261,6,13,1
598,52,6,13,1
599,159,6,13,1
600,17,6,13,1
601,65,6,13,1
602,21,6,13,1
603,44,6,13,1
604,24,6,13,1
605,40,6,13,1
606,129,6,13,1
607,25,6,13,1
608,21,6,13,1
609,41,6,13,1
610,27,6,13,1
611,37,6,13,1
612,13,6,13,1
613,286,6,13,1
614,24,6,13,1
615,156,6,13,1
616,35,6,13,1
617,15,6,13,1
618,107,6,13,1
619,24,6,13,1
620,25,6,13,1
621,132,6,13,1
622,54,6,13,1
623,51,6,13,1
624,21,6,13,1
625,35,6,13,1
626,13,6,13,1
627,53,6,13,1
628,34,6,13,1
629,29,6,13,1
630,24,6,13,1
631,27,6,13,1
632,75,6,13,1
633,93,6,13,1
634,27,6,13,1
635,49,6,13,1
636,36,6,13,1
637,15,6,13,1
638,86,6,13,1
639,33,6,13,1
640,38,6,13,1
641,13,6,13,1
642,32,6,13,1
643,72,6,13,1
644,20,6,13,1
645,31,6,13,1
646,62,6,13,1
647,24,6,13,1
648,50,6,13,1
649,112,6,13,1
650,70,6,13,1
651,221,6,13,1
652,129,6,13,1
653,55,6,13,1
654,18,6,13,1
655,36,6,13,1
656,12,6,13,1
657,63,6,13,1
658,20,6,13,1
659,26,6,13,1
660,50,6,13,1
661,24,6,13,1
662,111,6,13,1
663,41,6,13,1
664,16,6,13,1
665,17,6,13,1
666,19,6,13,1
667,13,6,13,1
668,30,6,13,1
669,29,6,13,1
670,34,6,13,1
671,35,6,13,1
672,26,6,13,1
673,279,6,13,1
674,51,6,13,1
675,39,6,13,1
676,111,6,13,1
677,15,6,13,1
678,24,6,13,1
679,22,6,13,1
680,55,6,13,1
681,37,6,13,1
682,41,6,13,1
683,60,6,13,1
684,27,6,13,1
685,31,6,13,1
686,75,6,13,1
687,52,6,13,1
688,13,6,13,1
689,21,6,13,1
690,27,6,13,1
691,26,6,13,1
692,17,6,13,1
693,23,6,13,1
694,72,6,13,1
695,140,6,13,1
696,24,6,13,1
697,27,6,13,1
698,27,6,13,1
699,47,6,13,1
700,136,6,13,1
701,23,6,13,1
702,30,6,13,1
703,74,6,13,1
704,21,6,13,1
705,40,6,13,1
706,37,6,13,1
707,12,6,13,1
708,23,6,13,1
709,166,6,13,1
710,37,6,13,1
711,129,6,13,1
712,103,6,13,1
713,204,6,13,1
714,61,6,13,1
715,25,6,13,1
716,20,6,13,1
717,28,6,13,1
718,14,6,13,1
719,109,6,13,1
720,19,6,13,1
721,137,6,13,1
722,47,6,13,1
723,138,6,13,1
724,26,6,13,1
725,16,6,13,1
726,31,6,13,1
727,42,6,13,1
728,134,6,13,1
729,33,6,13,1
730,17,6,13,1
731,186,6,13,1
732,136,6,13,1
733,48,6,13,1
734,49,6,13,1
735,26,6,13,1
736,42,6,13,1
737,30,6,13,1
738,52,6,13,1
739,179,6,13,1
740,120,6,13,1
741,283,6,13,1
742,14,6,13,1
743,44,6,13,1
744,146,6,13,1
745,30,6,13,1
746,19,6,13,1
747,18,6,13,1
748,38,6,13,1
749,283,6,13,1
750,94,6,13,1
751,27,6,13,1
752,34,6,13,1
753,77,6,13,1
754,78,6,13,1
755,24,6,13,1
756,13,6,13,1
757,38,6,13,1
758,55,6,13,1
759,13,6,13,1
760,44,6,13,1
761,281,6,13,1
762,10,6,13,1
763,18,6,13,1
764,139,6,13,1
765,87,6,13,1
766,44,6,13,1
767,33,6,13,1
768,25,6,13,1
769,194,6,13,1
770,25,6,13,1
771,14,6,13,1
772,53,6,13,1
773,46,6,13,1
774,48,6,13,1
775,32,6,13,1
776,20,6,13,1
777,11,6,13,1
778,37,6,13,1
779,33,6,13,1
780,76,6,13,1
781,18,6,13,1
782,22,6,13,1
783,74,6,13,1
784,21,6,13,1
785,13,6,13,1
786,54,6,13,1
787,35,6,13,1
788,50,6,13,1
789,18,6,13,1
790,29,6,13,1
791,23,6,13,1
792,19,6,13,1
793,40,6,13,1
794,37,6,13,1
795,38,6,13,1
796,10,6,13,1
797,63,6,13,1
798,32,6,13,1
799,53,6,13,1
800,43,6,13,1
801,16,6,13,1
802,47,6,13,1
803,40,6,13,1
804,118,6,13,1
805,249,6,13,1
806,21,6,13,1
807,159,6,13,1
808,121,6,13,1
809,16,6,13,1
810,23,6,13,1
811,58,6,13,1
812,33,6,13,1
813,15,6,13,1
814,62,6,13,1
815,28,6,13,1
816,97,6,13,1
817,18,6,13,1
818,19,6,13,1
819,28,6,13,1
820,67,6,13,1
821,18,6,13,1
822,20,6,13,1
823,41,6,13,1
824,63,6,13,1
825,33,6,13,1
826,78,6,13,1
827,20,6,13,1
828,14,6,13,1
829,266,6,13,1
830,24,6,13,1
831,59,6,13,1
832,125,6,13,1
833,44,6,13,1
834,48,6,13,1
835,47,6,13,1
836,36,6,13,1
837,56,6,13,1
838,30,6,13,1
839,87,6,13,1
840,108,6,13,1
841,14,6,13,1
842,20,6,13,1
843,35,6,13,1
844,27,6,13,1
845,23,6,13,1
846,32,6,13,1
847,27,6,13,1
848,30,6,13,1
849,278,6,13,1
850,14,6,13,1
851,169,6,13,1
852,23,6,13,1
853,163,6,13,1
854,31,6,13,1
855,34,6,13,1
856,75,6,13,1
857,50,6,13,1
858,16,6,13,1
859,180,6,13,1
860,101,6,13,1
861,15,6,13,1
862,35,6,13,1
863,83,6,13,1
864,43,6,13,1
865,45,6,13,1
866,33,6,13,1
867,87,6,13,1
868,37,6,13,1
869,68,6,13,1
870,26,6,13,1
871,67,6,13,1
872,43,6,13,1
873,11,6,13,1
874,70,6,13,1
875,99,6,13,1
876,37,6,13,1
877,41,6,13,1
878,47,6,13,1
879,93,6,13,1
880,36,6,13,1
881,22,6,13,1
882,21,6,13,1
883,81,6,13,1
884,119,6,13,1
885,16,6,13,1
886,45,6,13,1
887,27,6,13,1
888,22,6,13,1
889,27,6,13,1
890,36,6,13,1
891,159,6,13,1
892,101,6,13,1
893,34,6,13,1
894,110,6,13,1
895,36,6,13,1
896,37,6,13,1
897,13,6,13,1
898,61,6,13,1
899,34,6,13,1
900,19,6,13,1
901,24,6,13,1
902,16,6,13,1
903,16,6,13,1
904,29,6,13,1
905,68,6,13,1
906,57,6,13,1
907,31,6,13,1
908,37,6,13,1
909,109,6,13,1
910,31,6,13,1
911,119,6,13,1
912,169,6,13,1
913,254,6,13,1
914,39,6,13,1
915,13,6,13,1
916,19,6,13,1
917,47,6,13,1
918,36,6,13,1
919,28,6,13,1
920,22,6,13,1
921,281,6,13,1
922,58,6,13,1
923,53,6,13,1
924,21,6,13,1
925,21,6,13,1
926,30,6,13,1
927,63,6,13,1
928,24,6,13,1
929,53,6,13,1
930,23,6,13,1
931,55,6,13,1
932,59,6,13,1
933,103,6,13,1
934,37,6,13,1
935,50,6,13,1
936,69,6,13,1
937,38,6,13,1
938,45,6,13,1
939,33,6,13,1
940,20,6,13,1
941,22,6,13,1
942,24,6,13,1
943,16,6,13,1
944,30,6,13,1
945,63,6,13,1
946,30,6,13,1
947,29,6,13,1
948,18,6,13,1
949,26,6,13,1
950,28,6,13,1
951,30,6,13,1
952,21,6,13,1
953,27,6,13,1
954,81,6,13,1
955,16,6,13,1
956,20,6,13,1
957,33,6,13,1
958,129,6,13,1
959,25,6,13,1
960,21,6,13,1
961,38,6,13,1
962,10,6,13,1
963,60,6,13,1
964,24,6,13,1
965,19,6,13,1
966,21,6,13,1
967,36,6,13,1
968,40,6,13,1
969,52,6,13,1
970,32,6,13,1
971,46,6,13,1
972,23,6,13,1
973,143,6,13,1
974,95,6,13,1
975,52,6,13,1
976,41,6,13,1
977,279,6,13,1
978,33,6,13,1
979,27,6,13,1
980,20,6,13,1
981,266,6,13,1
982,21,6,13,1
983,63,6,13,1
984,37,6,13,1
985,21,6,13,1
986,18,6,13,1
987,20,6,13,1
988,124,6,13,1
989,23,6,13,1
990,31,6,13,1
991,18,6,13,1
992,22,6,13,1
993,27,6,13,1
994,20,6,13,1
995,53,6,13,1
996,19,6,13,1
997,23,6,13,1
998,18,6,13,1
999,30,6,13,1
1000,51,6,13,1
1001,63,6,13,1
1002,15,6,13,1
1003,37,6,13,1
1004,13,6,13,1
1005,75,6,13,1
1006,11,6,13,1
1007,25,6,13,1
1008,24,6,13,1
1009,32,6,13,1
1010,17,6,13,1
1011,77,6,13,1
1012,47,6,13,1
1013,287,6,13,1
1014,15,6,13,1
1015,21,6,13,1
1016,45,6,13,1
1017,30,6,13,1
1018,19,6,13,1
1019,25,6,13,1
1020,67,6,13,1
1021,263,6,13,1
1022,57,6,13,1
1023,25,6,13,1
1024,120,6,13,1
1025,13,6,13,1
1026,17,6,13,1
1027,194,6,13,1
1028,61,6,13,1
1029,13,6,13,1
1030,28,6,13,1
1031,60,6,13,1
1032,19,6,13,1
1033,34,6,13,1
1034,27,6,13,1
1035,15,6,13,1
1036,86,6,13,1
1037,83,6,13,1
1038,41,6,13,1
1039,26,6,13,1
1040,50,6,13,1
1041,33,6,13,1
1042,108,6,13,1
1043,34,6,13,1
1044,17,6,13,1
1045,56,6,13,1
1046,50,6,13,1
1047,239,6,13,1
1048,44,6,13,1
1049,53,6,13,1
1050,36,6,13,1
1051,39,6,13,1
1052,37,6,13,1
1053,13,6,13,1
1054,25,6,13,1
1055,10,6,13,1
1056,81,6,13,1
1057,280,6,13,1
1058,17,6,13,1
1059,56,6,13,1
1060,65,6,13,1
1061,26,6,13,1
1062,127,6,13,1
1063,67,6,13,1
1064,29,6,13,1
1065,28,6,13,1
1066,21,6,13,1
1067,17,6,13,1
1068,49,6,13,1
1069,67,6,13,1
1070,83,6,13,1
1071,110,6,13,1
1072,40,6,13,1
1073,21,6,13,1
1074,56,6,13,1
1075,18,6,13,1
1076,37,6,13,1
1077,26,6,13,1
1078,33,6,13,1
1079,32,6,13,1
1080,18,6,13,1
1081,50,6,13,1
1082,87,6,13,1
1083,40,6,13,1
1084,34,6,13,1
1085,198,6,13,1
1086,61,6,13,1
1087,92,6,13,1
1088,137,6,13,1
1089,76,6,13,1
1090,125,6,13,1
1091,16,6,13,1
1092,19,6,13,1
1093,53,6,13,1
1094,19,6,13,1
1095,285,6,13,1
1096,39,6,13,1
1097,33,6,13,1
1098,29,6,13,1
1099,132,6,13,1
1100,55,6,13,1
1101,95,6,13,1
1102,18,6,13,1
1103,34,6,13,1
1104,16,6,13,1
1105,17,6,13,1
1106,17,6,13,1
1107,34,6,13,1
1108,111,6,13,1
1109,46,6,13,1
1110,20,6,13,1
1111,23,6,13,1
1112,12,6,13,1
1113,278,6,13,1
1114,89,6,13,1
1115,24,6,13,1
1116,90,6,13,1
1117,25,6,13,1
1118,39,6,13,1
1119,27,6,13,1
1120,16,6,13,1
1121,64,6,13,1
1122,50,6,13,1
1123,32,6,13,1
1124,25,6,13,1
1125,45,6,13,1
1126,20,6,13,1
1127,16,6,13,1
1128,28,6,13,1
1129,47,6,13,1
1130,20,6,13,1
1131,17,6,13,1
1132,29,6,13,1
1133,20,6,13,1
1134,39,6,13,1
1135,67,6,13,1
1136,14,6,13,1
1137,28,6,13,1
1138,40,6,13,1
1139,22,6,13,1
1140,43,6,13,1
1141,54,6,13,1
1142,27,6,13,1
1143,93,6,13,1
1144,32,6,13,1
1145,20,6,13,1
1146,17,6,13,1
1147,11,6,13,1
1148,13,6,13,1
1149,35,6,13,1
1150,17,6,13,1
1151,48,6,13,1
1152,23,6,13,1
1153,21,6,13,1
1154,39,6,13,1
1155,24,6,13,1
1156,14,6,13,1
1157,19,6,13,1
1158,35,6,13,1
1159,40,6,13,1
1160,21,6,13,1
1161,102,6,13,1
1162,44,6,13,1
1163,16,6,13,1
1164,15,6,13,1
1165,30,6,13,1
1166,22,6,13,1
1167,11,6,13,1
1168,32,6,13,1
1169,30,6,13,1
1170,18,6,13,1
1171,24,6,13,1
1172,52,6,13,1
1173,19,6,13,1
1174,41,6,13,1
1175,15,6,13,1
1176,46,6,13,1
1177,34,6,13,1
1178,15,6,13,1
1179,45,6,13,1
1180,48,6,13,1
1181,214,6,13,1
1182,37,6,13,1
1183,54,6,13,1
1184,33,6,13,1
1185,35,6,13,1
1186,14,6,13,1
1187,21,6,13,1
1188,17,6,13,1
1189,39,6,13,1
1190,20,6,13,1
1191,92,6,13,1
1192,79,6,13,1
1193,278,6,13,1
1194,16,6,13,1
1195,14,6,13,1
1196,33,6,13,1
1197,19,6,13,1
1198,83,6,13,1
1199,15,6,13,1
1200,48,6,13,1
1201,74,6,13,1
1202,23,6,13,1
1203,130,6,13,1
1204,28,6,13,1
1205,13,6,13,1
1206,39,6,13,1
1207,101,6,13,1
1208,82,6,13,1
1209,18,6,13,1
1210,18,6,13,1
1211,19,6,13,1
1212,104,6,13,1
1213,19,6,13,1
1214,33,6,13,1
1215,30,6,13,1
1216,36,6,13,1
1217,271,6,13,1
1218,38,6,13,1
1219,106,6,13,1
1220,21,6,13,1
1221,32,6,13,1
1222,16,6,13,1
1223,45,6,13,1
1224,23,6,13,1
1225,72,6,13,1
1226,21,6,13,1
1227,29,6,13,1
1228,35,6,13,1
1229,140,6,13,1
1230,81,6,13,1
1231,54,6,13,1
1232,17,6,13,1
1233,34,6,13,1
1234,96,6,13,1
1235,27,6,13,1
1236,24,6,13,1
1237,71,6,13,1
1238,57,6,13,1
1239,41,6,13,1
1240,20,6,13,1
1241,277,6,13,1
1242,67,6,13,1
1243,122,6,13,1
1244,40,6,13,1
1245,11,6,13,1
1246,12,6,13,1
1247,34,6,13,1
1248,41,6,13,1
1249,280,6,13,1
1250,18,6,13,1
1251,64,6,13,1
1252,61,6,13,1
1253,21,6,13,1
1254,30,6,13,1
1255,23,6,13,1
1256,79,6,13,1
1257,27,6,13,1
1258,28,6,13,1
1259,34,6,13,1
1260,92,6,13,1
1261,23,6,13,1
1262,21,6,13,1
1263,58,6,13,1
1264,83,6,13,1
1265,80,6,13,1
1266,37,6,13,1
1267,19,6,13,1
1268,28,6,13,1
1269,118,6,13,1
1270,25,6,13,1
1271,14,6,13,1
1272,14,6,13,1
1273,27,6,13,1
1274,68,6,13,1
1275,33,6,13,1
1276,16,6,13,1
1277,151,6,13,1
1278,47,6,13,1
1279,136,6,13,1
0,52,6,13,0
1,21,6,13,0
2,80,6,13,0
3,25,6,13,0
4,20,6,13,0
5,134,6,13,0
6,15,6,13,0
7,17,6,13,0
8,20,6,13,0
9,29,6,13,0
10,27,6,13,0
11,12,6,13,0
12,21,6,13,0
13,86,6,13,0
14,14,6,13,0
15,24,6,13,0
16,70,6,13,0
17,11,6,13,0
18,26,6,13,0
19,17,6,13,0
20,12,6,13,0
21,12,6,13,0
22,16,6,13,0
23,14,6,13,0
24,36,6,13,0
25,43,6,13,0
26,35,6,13,0
27,26,6,13,0
28,28,6,13,0
29,12,6,13,0
30,32,6,13,0
31,15,6,13,0
32,11,6,13,0
33,184,6,13,0
34,231,6,13,0
35,12,6,13,0
36,18,6,13,0
37,222,6,13,0
38,83,6,13,0
39,211,6,13,0
40,14,6,13,0
41,21,6,13,0
42,49,6,13,0
43,35,6,13,0
44,26,6,13,0
45,68,6,13,0
46,47,6,13,0
47,236,6,13,0
48,135,6,13,0
49,21,6,13,0
50,16,6,13,0
51,23,6,13,0
52,35,6,13,0
53,19,6,13,0
54,22,6,13,0
55,11,6,13,0
56,187,6,13,0
57,23,6,13,0
58,75,6,13,0
59,23,6,13,0
60,26,6,13,0
61,9,6,13,0
62,14,6,13,0
63,16,6,13,0
64,20,6,13,0
65,50,6,13,0
66,87,6,13,0
67,12,6,13,0
68,15,6,13,0
69,69,6,13,0
70,28,6,13,0
71,79,6,13,0
72,34,6,13,0
73,15,6,13,0
74,186,6,13,0
75,20,6,13,0
76,90,6,13,0
77,64,6,13,0
78,39,6,13,0
79,25,6,13,0
80,43,6,13,0
81,13,6,13,0
82,15,6,13,0
83,35,6,13,0
84,59,6,13,0
85,234,6,13,0
86,91,6,13,0
87,15,6,13,0
88,23,6,13,0
89,44,6,13,0
90,70,6,13,0
91,237,6,13,0
92,64,6,13,0
93,9,6,13,0
94,9,6,13,0
95,45,6,13,0
96,30,6,13,0
97,49,6,13,0
98,35,6,13,0
99,17,6,13,0
100,23,6,13,0
101,233,6,13,0
102,9,6,13,0
103,83,6,13,0
104,17,6,13,0
105,14,6,13,0
106,66,6,13,0
107,14,6,13,0
108,114,6,13,0
109,12,6,13,0
110,25,6,13,0
111,45,6,13,0
112,24,6,13,0
113,226,6,13,0
114,17,6,13,0
115,120,6,13,0
116,221,6,13,0
117,10,6,13,0
118,12,6,13,0
119,18,6,13,0
120,25,6,13,0
121,39,6,13,0
122,18,6,13,0
123,115,6,13,0
124,12,6,13,0
125,207,6,13,0
126,15,6,13,0
127,66,6,13,0
128,40,6,13,0
129,206,6,13,0
130,43,6,13,0
13,11,6,13,0
132,17,6,13,0
133,118,6,13,0
134,7,6,13,0
135,8,6,13,0
136,151,6,13,0
137,15,6,13,0
138,42,6,13,0
139,37,6,13,0
140,42,6,13,0
141,231,6,13,0
142,13,6,13,0
143,33,6,13,0
144,16,6,13,0
145,28,6,13,0
146,16,6,13,0
147,23,6,13,0
148,11,6,13,0
149,42,6,13,0
150,21,6,13,0
151,175,6,13,0
152,29,6,13,0
153,27,6,13,0
154,14,6,13,0
155,237,6,13,0
156,151,6,13,0
157,48,6,13,0
158,47,6,13,0
159,29,6,13,0
160,44,6,13,0
161,19,6,13,0
162,17,6,13,0
163,42,6,13,0
164,54,6,13,0
165,22,6,13,0
166,22,6,13,0
167,45,6,13,0
168,97,6,13,0
169,11,6,13,0
170,69,6,13,0
171,11,6,13,0
172,36,6,13,0
173,15,6,13,0
174,62,6,13,0
175,31,6,13,0
176,10,6,13,0
177,24,6,13,0
178,15,6,13,0
179,23,6,13,0
180,32,6,13,0
181,215,6,13,0
182,21,6,13,0
183,90,6,13,0
184,30,6,13,0
185,72,6,13,0
186,13,6,13,0
187,79,6,13,0
188,79,6,13,0
189,12,6,13,0
190,28,6,13,0
191,16,6,13,0
192,29,6,13,0
193,26,6,13,0
194,11,6,13,0
195,30,6,13,0
196,22,6,13,0
197,22,6,13,0
198,90,6,13,0
199,18,6,13,0
200,47,6,13,0
201,34,6,13,0
202,14,6,13,0
203,224,6,13,0
204,37,6,13,0
205,23,6,13,0
206,133,6,13,0
207,173,6,13,0
208,13,6,13,0
209,16,6,13,0
210,27,6,13,0
211,235,6,13,0
212,34,6,13,0
213,21,6,13,0
214,54,6,13,0
215,51,6,13,0
216,28,6,13,0
217,87,6,13,0
218,228,6,13,0
219,106,6,13,0
220,48,6,13,0
221,56,6,13,0
222,47,6,13,0
223,16,6,13,0
224,18,6,13,0
225,48,6,13,0
226,31,6,13,0
227,28,6,13,0
228,11,6,13,0
229,43,6,13,0
230,80,6,13,0
231,136,6,13,0
232,36,6,13,0
233,16,6,13,0
234,52,6,13,0
235,185,6,13,0
236,44,6,13,0
237,217,6,13,0
238,78,6,13,0
239,121,6,13,0
240,36,6,13,0
241,227,6,13,0
242,230,6,13,0
243,49,6,13,0
244,43,6,13,0
245,231,6,13,0
246,140,6,13,0
247,54,6,13,0
248,152,6,13,0
249,85,6,13,0
250,12,6,13,0
251,39,6,13,0
252,39,6,13,0
253,143,6,13,0
254,232,6,13,0
255,29,6,13,0
256,125,6,13,0
257,20,6,13,0
258,56,6,13,0
259,25,6,13,0
260,133,6,13,0
261,28,6,13,0
262,20,6,13,0
263,145,6,13,0
264,49,6,13,0
265,166,6,13,0
266,42,6,13,0
267,33,6,13,0
268,214,6,13,0
269,26,6,13,0
270,47,6,13,0
271,16,6,13,0
272,21,6,13,0
273,36,6,13,0
274,29,6,13,0
275,17,6,13,0
276,56,6,13,0
277,126,6,13,0
278,12,6,13,0
279,26,6,13,0
280,36,6,13,0
281,58,6,13,0
282,13,6,13,0
283,14,6,13,0
284,24,6,13,0
285,222,6,13,0
286,12,6,13,0
287,30,6,13,0
288,35,6,13,0
289,11,6,13,0
290,17,6,13,0
291,55,6,13,0
292,36,6,13,0
293,153,6,13,0
294,99,6,13,0
295,51,6,13,0
296,101,6,13,0
297,17,6,13,0
298,53,6,13,0
299,5,6,13,0
300,34,6,13,0
301,17,6,13,0
302,26,6,13,0
303,212,6,13,0
304,70,6,13,0
305,61,6,13,0
306,63,6,13,0
307,35,6,13,0
308,41,6,13,0
309,19,6,13,0
310,21,6,13,0
311,38,6,13,0
312,55,6,13,0
313,206,6,13,0
314,162,6,13,0
315,25,6,13,0
316,18,6,13,0
317,207,6,13,0
318,14,6,13,0
319,9,6,13,0
320,28,6,13,0
321,17,6,13,0
322,46,6,13,0
323,31,6,13,0
324,24,6,13,0
325,23,6,13,0
326,41,6,13,0
327,12,6,13,0
328,54,6,13,0
329,27,6,13,0
330,62,6,13,0
331,15,6,13,0
332,22,6,13,0
333,27,6,13,0
334,63,6,13,0
335,21,6,13,0
336,27,6,13,0
337,14,6,13,0
338,12,6,13,0
339,47,6,13,0
340,10,6,13,0
341,233,6,13,0
342,44,6,13,0
343,13,6,13,0
344,19,6,13,0
345,13,6,13,0
346,184,6,13,0
347,11,6,13,0
348,19,6,13,0
349,17,6,13,0
350,21,6,13,0
351,36,6,13,0
352,30,6,13,0
353,26,6,13,0
354,231,6,13,0
355,21,6,13,0
356,34,6,13,0
357,27,6,13,0
358,41,6,13,0
359,13,6,13,0
360,32,6,13,0
361,29,6,13,0
362,192,6,13,0
363,33,6,13,0
364,28,6,13,0
365,204,6,13,0
366,94,6,13,0
367,12,6,13,0
368,20,6,13,0
369,14,6,13,0
370,15,6,13,0
371,34,6,13,0
372,51,6,13,0
373,48,6,13,0
374,48,6,13,0
375,10,6,13,0
376,31,6,13,0
377,96,6,13,0
378,47,6,13,0
379,11,6,13,0
380,17,6,13,0
381,72,6,13,0
382,18,6,13,0
383,23,6,13,0
384,14,6,13,0
385,185,6,13,0
386,37,6,13,0
387,55,6,13,0
388,17,6,13,0
389,61,6,13,0
390,20,6,13,0
391,42,6,13,0
392,58,6,13,0
393,225,6,13,0
394,83,6,13,0
395,29,6,13,0
396,32,6,13,0
397,233,6,13,0
398,25,6,13,0
399,45,6,13,0
400,19,6,13,0
401,24,6,13,0
402,15,6,13,0
403,27,6,13,0
404,119,6,13,0
405,234,6,13,0
406,28,6,13,0
407,19,6,13,0
408,41,6,13,0
409,227,6,13,0
410,61,6,13,0
411,24,6,13,0
412,208,6,13,0
413,198,6,13,0
414,17,6,13,0
415,60,6,13,0
416,29,6,13,0
417,26,6,13,0
418,104,6,13,0
419,79,6,13,0
420,9,6,13,0
421,13,6,13,0
422,79,6,13,0
423,36,6,13,0
424,20,6,13,0
425,52,6,13,0
426,25,6,13,0
427,20,6,13,0
428,16,6,13,0
429,36,6,13,0
430,29,6,13,0
431,185,6,13,0
432,25,6,13,0
433,31,6,13,0
434,37,6,13,0
435,20,6,13,0
436,21,6,13,0
437,27,6,13,0
438,99,6,13,0
439,13,6,13,0
440,12,6,13,0
441,148,6,13,0
442,180,6,13,0
443,30,6,13,0
444,46,6,13,0
445,231,6,13,0
446,78,6,13,0
447,18,6,13,0
448,44,6,13,0
449,33,6,13,0
450,33,6,13,0
451,34,6,13,0
452,33,6,13,0
453,26,6,13,0
454,14,6,13,0
455,41,6,13,0
456,24,6,13,0
457,19,6,13,0
458,29,6,13,0
459,197,6,13,0
460,49,6,13,0
461,30,6,13,0
462,26,6,13,0
463,36,6,13,0
464,113,6,13,0
465,23,6,13,0
466,49,6,13,0
467,20,6,13,0
468,22,6,13,0
469,232,6,13,0
470,173,6,13,0
471,54,6,13,0
472,54,6,13,0
473,20,6,13,0
474,17,6,13,0
475,25,6,13,0
476,15,6,13,0
477,15,6,13,0
478,25,6,13,0
479,141,6,13,0
480,169,6,13,0
481,17,6,13,0
482,64,6,13,0
483,78,6,13,0
484,155,6,13,0
485,14,6,13,0
486,20,6,13,0
487,12,6,13,0
488,21,6,13,0
489,21,6,13,0
490,98,6,13,0
491,32,6,13,0
492,40,6,13,0
493,19,6,13,0
494,33,6,13,0
495,13,6,13,0
496,47,6,13,0
497,31,6,13,0
498,227,6,13,0
499,16,6,13,0
500,24,6,13,0
501,20,6,13,0
502,46,6,13,0
503,184,6,13,0
504,76,6,13,0
505,89,6,13,0
506,19,6,13,0
507,39,6,13,0
508,26,6,13,0
509,12,6,13,0
510,35,6,13,0
511,17,6,13,0
512,14,6,13,0
513,36,6,13,0
514,224,6,13,0
515,9,6,13,0
516,36,6,13,0
517,220,6,13,0
518,105,6,13,0
519,10,6,13,0
520,18,6,13,0
521,20,6,13,0
522,25,6,13,0
523,9,6,13,0
524,28,6,13,0
525,17,6,13,0
526,49,6,13,0
527,17,6,13,0
528,16,6,13,0
529,226,6,13,0
530,16,6,13,0
531,134,6,13,0
532,122,6,13,0
533,85,6,13,0
534,42,6,13,0
535,29,6,13,0
536,14,6,13,0
537,15,6,13,0
538,10,6,13,0
539,18,6,13,0
540,58,6,13,0
541,26,6,13,0
542,17,6,13,0
543,37,6,13,0
544,60,6,13,0
545,42,6,13,0
546,24,6,13,0
547,56,6,13,0
548,176,6,13,0
549,50,6,13,0
550,43,6,13,0
551,235,6,13,0
552,14,6,13,0
553,28,6,13,0
554,17,6,13,0
555,45,6,13,0
556,18,6,13,0
557,18,6,13,0
558,26,6,13,0
559,43,6,13,0
560,88,6,13,0
561,31,6,13,0
562,19,6,13,0
563,51,6,13,0
564,176,6,13,0
565,43,6,13,0
566,157,6,13,0
567,235,6,13,0
568,31,6,13,0
569,33,6,13,0
570,30,6,13,0
571,36,6,13,0
572,172,6,13,0
573,40,6,13,0
574,50,6,13,0
575,18,6,13,0
576,27,6,13,0
577,34,6,13,0
578,19,6,13,0
579,12,6,13,0
580,40,6,13,0
581,9,6,13,0
582,15,6,13,0
583,59,6,13,0
584,134,6,13,0
585,16,6,13,0
586,36,6,13,0
587,17,6,13,0
588,28,6,13,0
589,230,6,13,0
590,39,6,13,0
591,33,6,13,0
592,45,6,13,0
593,213,6,13,0
594,66,6,13,0
595,35,6,13,0
596,42,6,13,0
597,111,6,13,0
598,51,6,13,0
599,11,6,13,0
600,21,6,13,0
601,22,6,13,0
602,16,6,13,0
603,94,6,13,0
604,51,6,13,0
605,25,6,13,0
606,96,6,13,0
607,45,6,13,0
608,51,6,13,0
609,223,6,13,0
610,9,6,13,0
611,44,6,13,0
612,62,6,13,0
613,223,6,13,0
614,9,6,13,0
615,156,6,13,0
616,16,6,13,0
617,28,6,13,0
618,11,6,13,0
619,234,6,13,0
620,16,6,13,0
621,18,6,13,0
622,86,6,13,0
623,21,6,13,0
624,44,6,13,0
625,25,6,13,0
626,31,6,13,0
627,18,6,13,0
628,17,6,13,0
629,46,6,13,0
630,28,6,13,0
631,38,6,13,0
632,23,6,13,0
633,14,6,13,0
634,29,6,13,0
635,25,6,13,0
636,10,6,13,0
637,110,6,13,0
638,33,6,13,0
639,22,6,13,0
640,105,6,13,0
641,34,6,13,0
642,32,6,13,0
643,35,6,13,0
644,39,6,13,0
645,47,6,13,0
646,58,6,13,0
647,38,6,13,0
648,14,6,13,0
649,40,6,13,0
650,42,6,13,0
651,16,6,13,0
652,44,6,13,0
653,161,6,13,0
654,17,6,13,0
655,26,6,13,0
656,31,6,13,0
657,35,6,13,0
658,26,6,13,0
659,235,6,13,0
660,21,6,13,0
661,66,6,13,0
662,40,6,13,0
663,100,6,13,0
664,25,6,13,0
665,50,6,13,0
666,188,6,13,0
667,16,6,13,0
668,24,6,13,0
669,30,6,13,0
670,13,6,13,0
671,29,6,13,0
672,28,6,13,0
673,41,6,13,0
674,21,6,13,0
675,241,6,13,0
676,30,6,13,0
677,72,6,13,0
678,25,6,13,0
679,26,6,13,0
680,44,6,13,0
681,78,6,13,0
682,78,6,13,0
683,27,6,13,0
684,21,6,13,0
685,27,6,13,0
686,14,6,13,0
687,17,6,13,0
688,33,6,13,0
689,167,6,13,0
690,43,6,13,0
691,37,6,13,0
692,16,6,13,0
693,23,6,13,0
694,139,6,13,0
695,22,6,13,0
696,26,6,13,0
697,17,6,13,0
698,135,6,13,0
699,24,6,13,0
700,36,6,13,0
701,211,6,13,0
702,47,6,13,0
703,29,6,13,0
704,15,6,13,0
705,30,6,13,0
706,24,6,13,0
707,43,6,13,0
708,53,6,13,0
709,40,6,13,0
710,33,6,13,0
711,212,6,13,0
712,32,6,13,0
713,21,6,13,0
714,14,6,13,0
715,31,6,13,0
716,18,6,13,0
717,47,6,13,0
718,88,6,13,0
719,38,6,13,0
720,11,6,13,0
721,41,6,13,0
722,24,6,13,0
723,43,6,13,0
724,29,6,13,0
725,190,6,13,0
726,36,6,13,0
727,27,6,13,0
728,27,6,13,0
729,39,6,13,0
730,24,6,13,0
731,12,6,13,0
732,9,6,13,0
733,227,6,13,0
734,15,6,13,0
735,179,6,13,0
736,77,6,13,0
737,15,6,13,0
738,24,6,13,0
739,38,6,13,0
740,119,6,13,0
741,34,6,13,0
742,16,6,13,0
743,21,6,13,0
744,15,6,13,0
745,14,6,13,0
746,32,6,13,0
747,41,6,13,0
748,72,6,13,0
749,38,6,13,0
750,18,6,13,0
751,16,6,13,0
752,17,6,13,0
753,32,6,13,0
754,31,6,13,0
755,16,6,13,0
756,25,6,13,0
757,33,6,13,0
758,44,6,13,0
759,30,6,13,0
760,28,6,13,0
761,186,6,13,0
762,41,6,13,0
763,32,6,13,0
764,66,6,13,0
765,20,6,13,0
766,29,6,13,0
767,200,6,13,0
768,69,6,13,0
769,35,6,13,0
770,18,6,13,0
771,141,6,13,0
772,103,6,13,0
773,233,6,13,0
774,41,6,13,0
775,30,6,13,0
776,57,6,13,0
777,44,6,13,0
778,20,6,13,0
779,85,6,13,0
780,42,6,13,0
781,221,6,13,0
782,51,6,13,0
783,25,6,13,0
784,20,6,13,0
785,228,6,13,0
786,27,6,13,0
787,19,6,13,0
788,38,6,13,0
789,229,6,13,0
790,58,6,13,0
791,19,6,13,0
792,29,6,13,0
793,16,6,13,0
794,138,6,13,0
795,13,6,13,0
796,29,6,13,0
797,18,6,13,0
798,57,6,13,0
799,27,6,13,0
800,18,6,13,0
801,11,6,13,0
802,23,6,13,0
803,54,6,13,0
804,23,6,13,0
805,30,6,13,0
806,42,6,13,0
807,48,6,13,0
808,136,6,13,0
809,36,6,13,0
810,36,6,13,0
811,44,6,13,0
812,56,6,13,0
813,211,6,13,0
814,22,6,13,0
815,21,6,13,0
816,18,6,13,0
817,227,6,13,0
818,13,6,13,0
819,86,6,13,0
820,14,6,13,0
821,19,6,13,0
822,21,6,13,0
823,28,6,13,0
824,71,6,13,0
825,223,6,13,0
826,67,6,13,0
827,78,6,13,0
828,14,6,13,0
829,52,6,13,0
830,20,6,13,0
831,30,6,13,0
832,39,6,13,0
833,30,6,13,0
834,31,6,13,0
835,107,6,13,0
836,74,6,13,0
837,25,6,13,0
838,10,6,13,0
839,24,6,13,0
840,20,6,13,0
841,39,6,13,0
842,132,6,13,0
843,77,6,13,0
844,37,6,13,0
845,45,6,13,0
846,228,6,13,0
847,33,6,13,0
848,41,6,13,0
849,15,6,13,0
850,30,6,13,0
851,41,6,13,0
852,39,6,13,0
853,59,6,13,0
854,46,6,13,0
855,28,6,13,0
856,12,6,13,0
857,43,6,13,0
858,21,6,13,0
859,21,6,13,0
860,26,6,13,0
861,11,6,13,0
862,29,6,13,0
863,74,6,13,0
864,28,6,13,0
865,17,6,13,0
866,15,6,13,0
867,30,6,13,0
868,15,6,13,0
869,232,6,13,0
870,40,6,13,0
871,19,6,13,0
872,27,6,13,0
873,31,6,13,0
874,14,6,13,0
875,20,6,13,0
876,28,6,13,0
877,71,6,13,0
878,33,6,13,0
879,52,6,13,0
880,26,6,13,0
881,23,6,13,0
882,18,6,13,0
883,29,6,13,0
884,15,6,13,0
885,205,6,13,0
886,148,6,13,0
887,19,6,13,0
888,53,6,13,0
889,40,6,13,0
890,21,6,13,0
891,226,6,13,0
892,22,6,13,0
893,35,6,13,0
894,60,6,13,0
895,124,6,13,0
896,32,6,13,0
897,17,6,13,0
898,108,6,13,0
899,33,6,13,0
900,27,6,13,0
901,230,6,13,0
902,26,6,13,0
903,113,6,13,0
904,32,6,13,0
905,50,6,13,0
906,28,6,13,0
907,167,6,13,0
908,33,6,13,0
909,17,6,13,0
910,17,6,13,0
911,56,6,13,0
912,39,6,13,0
913,101,6,13,0
914,22,6,13,0
915,116,6,13,0
916,223,6,13,0
917,19,6,13,0
918,32,6,13,0
919,217,6,13,0
920,44,6,13,0
921,19,6,13,0
922,14,6,13,0
923,52,6,13,0
924,25,6,13,0
925,8,6,13,0
926,33,6,13,0
927,20,6,13,0
928,17,6,13,0
929,23,6,13,0
930,23,6,13,0
931,25,6,13,0
932,135,6,13,0
933,18,6,13,0
934,51,6,13,0
935,204,6,13,0
936,55,6,13,0
937,196,6,13,0
938,9,6,13,0
939,34,6,13,0
940,39,6,13,0
941,37,6,13,0
942,12,6,13,0
943,33,6,13,0
944,15,6,13,0
945,110,6,13,0
946,23,6,13,0
947,7,6,13,0
948,26,6,13,0
949,12,6,13,0
950,48,6,13,0
951,27,6,13,0
952,24,6,13,0
953,45,6,13,0
954,45,6,13,0
955,18,6,13,0
956,50,6,13,0
957,10,6,13,0
958,28,6,13,0
959,93,6,13,0
960,63,6,13,0
961,19,6,13,0
962,33,6,13,0
963,14,6,13,0
964,25,6,13,0
965,51,6,13,0
966,25,6,13,0
967,54,6,13,0
968,12,6,13,0
969,21,6,13,0
970,29,6,13,0
971,11,6,13,0
972,23,6,13,0
973,24,6,13,0
974,97,6,13,0
975,42,6,13,0
976,29,6,13,0
977,25,6,13,0
978,12,6,13,0
979,18,6,13,0
980,20,6,13,0
981,74,6,13,0
982,35,6,13,0
983,59,6,13,0
984,54,6,13,0
985,13,6,13,0
986,145,6,13,0
987,34,6,13,0
988,14,6,13,0
989,50,6,13,0
990,20,6,13,0
991,45,6,13,0
992,8,6,13,0
993,226,6,13,0
994,17,6,13,0
995,23,6,13,0
996,31,6,13,0
997,21,6,13,0
998,17,6,13,0
999,62,6,13,0
1000,51,6,13,0
1001,224,6,13,0
1002,13,6,13,0
1003,102,6,13,0
1004,68,6,13,0
1005,13,6,13,0
1006,28,6,13,0
1007,20,6,13,0
1008,13,6,13,0
1009,32,6,13,0
1010,124,6,13,0
1011,16,6,13,0
1012,71,6,13,0
1013,216,6,13,0
1014,48,6,13,0
1015,75,6,13,0
1016,22,6,13,0
1017,160,6,13,0
1018,64,6,13,0
1019,18,6,13,0
1020,37,6,13,0
1021,65,6,13,0
1022,18,6,13,0
1023,45,6,13,0
1024,21,6,13,0
1025,180,6,13,0
1026,26,6,13,0
1027,34,6,13,0
1028,14,6,13,0
1029,121,6,13,0
1030,36,6,13,0
1031,39,6,13,0
1032,30,6,13,0
1033,22,6,13,0
1034,14,6,13,0
1035,224,6,13,0
1036,199,6,13,0
1037,53,6,13,0
1038,70,6,13,0
1039,96,6,13,0
1040,14,6,13,0
1041,35,6,13,0
1042,12,6,13,0
1043,50,6,13,0
1044,15,6,13,0
1045,57,6,13,0
1046,9,6,13,0
1047,55,6,13,0
1048,14,6,13,0
1049,225,6,13,0
1050,201,6,13,0
1051,46,6,13,0
1052,78,6,13,0
1053,39,6,13,0
1054,44,6,13,0
1055,86,6,13,0
1056,19,6,13,0
1057,28,6,13,0
1058,15,6,13,0
1059,29,6,13,0
1060,22,6,13,0
1061,207,6,13,0
1062,23,6,13,0
1063,47,6,13,0
1064,14,6,13,0
1065,31,6,13,0
1066,73,6,13,0
1067,74,6,13,0
1068,27,6,13,0
1069,221,6,13,0
1070,25,6,13,0
1071,153,6,13,0
1072,61,6,13,0
1073,25,6,13,0
1074,13,6,13,0
1075,28,6,13,0
1076,196,6,13,0
1077,12,6,13,0
1078,26,6,13,0
1079,27,6,13,0
1080,187,6,13,0
1081,12,6,13,0
1082,26,6,13,0
1083,10,6,13,0
1084,14,6,13,0
1085,212,6,13,0
1086,62,6,13,0
1087,12,6,13,0
1088,35,6,13,0
1089,20,6,13,0
1090,9,6,13,0
1091,47,6,13,0
1092,22,6,13,0
1093,226,6,13,0
1094,12,6,13,0
1095,15,6,13,0
1096,19,6,13,0
1097,28,6,13,0
1098,24,6,13,0
1099,48,6,13,0
1100,22,6,13,0
1101,70,6,13,0
1102,135,6,13,0
1103,45,6,13,0
1104,22,6,13,0
1105,19,6,13,0
1106,26,6,13,0
1107,11,6,13,0
1108,16,6,13,0
1109,16,6,13,0
1110,12,6,13,0
1111,59,6,13,0
1112,32,6,13,0
1113,184,6,13,0
1114,24,6,13,0
1115,16,6,13,0
1116,188,6,13,0
1117,28,6,13,0
1118,36,6,13,0
1119,25,6,13,0
1120,29,6,13,0
1121,18,6,13,0
1122,16,6,13,0
1123,40,6,13,0
1124,22,6,13,0
1125,47,6,13,0
1126,28,6,13,0
1127,10,6,13,0
1128,151,6,13,0
1129,227,6,13,0
1130,56,6,13,0
1131,26,6,13,0
1132,24,6,13,0
1133,26,6,13,0
1134,28,6,13,0
1135,14,6,13,0
1136,19,6,13,0
1137,25,6,13,0
1138,10,6,13,0
1139,22,6,13,0
1140,13,6,13,0
1141,16,6,13,0
1142,106,6,13,0
1143,39,6,13,0
1144,32,6,13,0
1145,28,6,13,0
1146,122,6,13,0
1147,15,6,13,0
1148,10,6,13,0
1149,7,6,13,0
1150,13,6,13,0
1151,19,6,13,0
1152,14,6,13,0
1153,56,6,13,0
1154,23,6,13,0
1155,45,6,13,0
1156,36,6,13,0
1157,18,6,13,0
1158,194,6,13,0
1159,31,6,13,0
1160,15,6,13,0
1161,224,6,13,0
1162,17,6,13,0
1163,25,6,13,0
1164,12,6,13,0
1165,19,6,13,0
1166,82,6,13,0
1167,31,6,13,0
1168,73,6,13,0
1169,48,6,13,0
1170,80,6,13,0
1171,51,6,13,0
1172,13,6,13,0
1173,34,6,13,0
1174,41,6,13,0
1175,21,6,13,0
1176,59,6,13,0
1177,14,6,13,0
1178,17,6,13,0
1179,35,6,13,0
1180,96,6,13,0
1181,14,6,13,0
1182,184,6,13,0
1183,27,6,13,0
1184,27,6,13,0
1185,202,6,13,0
1186,226,6,13,0
1187,82,6,13,0
1188,11,6,13,0
1189,15,6,13,0
1190,16,6,13,0
1191,153,6,13,0
1192,21,6,13,0
1193,32,6,13,0
1194,41,6,13,0
1195,18,6,13,0
1196,22,6,13,0
1197,69,6,13,0
1198,94,6,13,0
1199,58,6,13,0
1200,15,6,13,0
1201,25,6,13,0
1202,26,6,13,0
1203,70,6,13,0
1204,26,6,13,0
1205,25,6,13,0
1206,37,6,13,0
1207,14,6,13,0
1208,10,6,13,0
1209,35,6,13,0
1210,11,6,13,0
1211,72,6,13,0
1212,79,6,13,0
1213,40,6,13,0
1214,19,6,13,0
1215,12,6,13,0
1216,92,6,13,0
1217,33,6,13,0
1218,31,6,13,0
1219,27,6,13,0
1220,33,6,13,0
1221,91,6,13,0
1222,44,6,13,0
1223,14,6,13,0
1224,64,6,13,0
1225,228,6,13,0
1226,18,6,13,0
1227,10,6,13,0
1228,26,6,13,0
1229,10,6,13,0
1230,23,6,13,0
1231,84,6,13,0
1232,48,6,13,0
1233,46,6,13,0
1234,12,6,13,0
1235,43,6,13,0
1236,71,6,13,0
1237,23,6,13,0
1238,24,6,13,0
1239,20,6,13,0
1240,73,6,13,0
1241,225,6,13,0
1242,39,6,13,0
1243,13,6,13,0
1244,38,6,13,0
1245,19,6,13,0
1246,20,6,13,0
1247,24,6,13,0
1248,21,6,13,0
1249,102,6,13,0
1250,17,6,13,0
1251,19,6,13,0
1252,50,6,13,0
1253,18,6,13,0
1254,12,6,13,0
1255,15,6,13,0
1256,28,6,13,0
1257,53,6,13,0
1258,16,6,13,0
1259,211,6,13,0
1260,221,6,13,0
1261,82,6,13,0
1262,24,6,13,0
1263,175,6,13,0
1264,27,6,13,0
1265,23,6,13,0
1266,39,6,13,0
1267,29,6,13,0
1268,13,6,13,0
1269,92,6,13,0
1270,62,6,13,0
1271,19,6,13,0
1272,33,6,13,0
1273,33,6,13,0
1274,31,6,13,0
1275,53,6,13,0
1276,186,6,13,0
1277,13,6,13,0
1278,29,6,13,0
1279,20,6,13,0
